loss	auc	accuracy	kappa
0.6652064323425293	0.6669566035270691	0.616202712059021	0.22476786375045776
