loss	auc	accuracy	kappa
0.6961872577667236	0.5	0.5214263200759888	0.0
