loss	auc	accuracy	kappa
0.6917581558227539	0.6085214614868164	0.5548952221870422	0.08209490776062012
