loss	auc	accuracy	kappa
0.7186548709869385	0.5479488968849182	0.5034722089767456	-0.014384269714355469
