loss	auc	accuracy	kappa
0.5565700531005859	0.7884572148323059	0.7228651642799377	0.43977558612823486
