loss	auc	accuracy	kappa
0.5374172329902649	0.8131256103515625	0.7485142350196838	0.4930533170700073
