loss	auc	accuracy	kappa
0.6590577960014343	0.7173106670379639	0.6618704795837402	0.319591224193573
