loss	auc	accuracy	kappa
0.6917610168457031	0.6565930843353271	0.6074444651603699	0.20123803615570068
