loss	auc	accuracy	kappa
0.6269214153289795	0.7101765275001526	0.6677740812301636	0.33609771728515625
