loss	auc	accuracy	kappa
0.4704350531101227	0.8547149300575256	0.7851110696792603	0.5663684606552124
