loss	auc	accuracy	kappa
0.6829053163528442	0.6572707295417786	0.6152642965316772	0.2237340807914734
