loss	auc	accuracy	kappa
0.766603410243988	0.6046438217163086	0.5814826488494873	0.1546139121055603
