loss	auc	accuracy	kappa
0.7049543857574463	0.616192638874054	0.5749139785766602	0.13438475131988525
