loss	auc	accuracy	kappa
0.6792583465576172	0.6190308332443237	0.5780419111251831	0.13408911228179932
