loss	auc	accuracy	kappa
0.4917963743209839	0.8297495245933533	0.7693474888801575	0.5247250199317932
