loss	auc	accuracy	kappa
0.6538131833076477	0.6650922894477844	0.6218329668045044	0.23622310161590576
