loss	auc	accuracy	kappa
0.6476499438285828	0.7087694406509399	0.6493587493896484	0.28927677869796753
