loss	auc	accuracy	kappa
0.7004796862602234	0.625505268573761	0.5730372071266174	0.12023741006851196
