loss	auc	accuracy	kappa
0.6053096652030945	0.7602710127830505	0.6940882205963135	0.3785385489463806
