loss	auc	accuracy	kappa
0.6112096309661865	0.7756385803222656	0.7144197821617126	0.42055225372314453
