loss	auc	accuracy	kappa
0.6665018796920776	0.7541810274124146	0.687635600566864	0.3782639503479004
