loss	auc	accuracy	kappa
0.6225208044052124	0.7704207897186279	0.6997184753417969	0.3929518461227417
