loss	auc	accuracy	kappa
0.5812317132949829	0.7745027542114258	0.7109790444374084	0.4153359532356262
