loss	auc	accuracy	kappa
2.0271499156951904	0.5249242186546326	0.5351892113685608	0.05501389503479004
