loss	auc	accuracy	kappa
1.4001522064208984	0.5653798580169678	0.5552080273628235	0.09939450025558472
