loss	auc	accuracy	kappa
0.6340830326080322	0.7333976030349731	0.6687519550323486	0.3270127773284912
