loss	auc	accuracy	kappa
0.5825543403625488	0.7931535840034485	0.723177969455719	0.44298869371414185
