loss	auc	accuracy	kappa
0.6775717735290527	0.620570182800293	0.5570847392082214	0.08920341730117798
