loss	auc	accuracy	kappa
0.6559988260269165	0.7311584949493408	0.6675007939338684	0.32674431800842285
