loss	auc	accuracy	kappa
0.7999578714370728	0.6142922639846802	0.5935483574867249	0.18726593255996704
