loss	auc	accuracy	kappa
0.7007724642753601	0.5	0.5214263200759888	0.0
