loss	auc	accuracy	kappa	val_loss	val_auc	val_accuracy	val_kappa	lr
0.6801627278327942	0.4925142228603363	0.5955986976623535	-0.0003565549850463867	0.674834132194519	0.5	0.5958978533744812	0.0	0.0010000000474974513
0.6750012040138245	0.5040997862815857	0.5959383249282837	5.960464477539063e-08	0.6746864914894104	0.5	0.5958978533744812	0.0	0.0010000000474974513
0.674900472164154	0.5054914951324463	0.5959383249282837	5.960464477539063e-08	0.6750313639640808	0.5	0.5958978533744812	0.0	0.0010000000474974513
0.6750404834747314	0.4956384301185608	0.5959383249282837	5.960464477539063e-08	0.6750494837760925	0.5	0.5958978533744812	0.0	0.0010000000474974513
0.6750519871711731	0.4989447295665741	0.5959383249282837	5.960464477539063e-08	0.6748709678649902	0.5	0.5958978533744812	0.0	0.0010000000474974513
0.6750560998916626	0.4974380135536194	0.5959383249282837	5.960464477539063e-08	0.6746402978897095	0.5	0.5958978533744812	0.0	0.0010000000474974513
