loss	auc	accuracy	kappa
0.5142649412155151	0.825552761554718	0.7582108378410339	0.5129287838935852
