loss	auc	accuracy	kappa
0.6050509810447693	0.7385582327842712	0.6815764904022217	0.35188549757003784
