loss	auc	accuracy	kappa
0.7138839364051819	0.6024461984634399	0.5742883682250977	0.13164126873016357
