loss	auc	accuracy	kappa
0.5989499688148499	0.7750606536865234	0.7075383067131042	0.40707337856292725
