loss	auc	accuracy	kappa
0.5159420967102051	0.8317021131515503	0.7657178640365601	0.527489960193634
