loss	auc	accuracy	kappa
0.6198435425758362	0.7723996043205261	0.689396321773529	0.36455994844436646
