loss	auc	accuracy	kappa
0.488483190536499	0.8556095957756042	0.7888645529747009	0.5746790766716003
