loss	auc	accuracy	kappa
0.45702916383743286	0.8596268892288208	0.800750732421875	0.597819447517395
