loss	auc	accuracy	kappa
0.7270018458366394	0.6416271328926086	0.5891304612159729	0.0
