loss	auc	accuracy	kappa
1.0048041343688965	0.5507147312164307	0.5433218479156494	0.08195531368255615
