loss	auc	accuracy	kappa
0.6850495338439941	0.6327440142631531	0.5817954540252686	0.14315879344940186
