loss	auc	accuracy	kappa
0.7071297764778137	0.5974840521812439	0.5511416792869568	0.07399600744247437
