loss	auc	accuracy	kappa
0.6801407933235168	0.6142894625663757	0.5877385139465332	0.17475801706314087
