loss	auc	accuracy	kappa
0.8352903723716736	0.6007482409477234	0.5786675214767456	0.14268344640731812
