loss	auc	accuracy	kappa
0.8142092227935791	0.6340933442115784	0.5996246337890625	0.18866777420043945
