loss	auc	accuracy	kappa
0.6764345765113831	0.6202301383018494	0.571473240852356	0.12754493951797485
