loss	auc	accuracy	kappa
0.6664800047874451	0.6737177968025208	0.6212073564529419	0.23948907852172852
