loss	auc	accuracy	kappa
0.6576988101005554	0.7103087306022644	0.6521739363670349	0.2958437204360962
