loss	auc	accuracy	kappa
2.4063894748687744	0.5677909255027771	0.5661557912826538	0.1226804256439209
