loss	auc	accuracy	kappa
0.6855628490447998	0.6277065873146057	0.5799186825752258	0.13656294345855713
