loss	auc	accuracy	kappa
1.0456657409667969	0.5353016257286072	0.5417578816413879	0.06630736589431763
