loss	auc	accuracy	kappa
0.8048341274261475	0.6380056738853455	0.5993118286132812	0.18712866306304932
