loss	auc	accuracy	kappa
0.6690430641174316	0.639744222164154	0.5914919972419739	0.16470038890838623
