loss	auc	accuracy	kappa
0.9345694780349731	0.6249409317970276	0.5974351167678833	0.18610996007919312
