loss	auc	accuracy	kappa
0.5788976550102234	0.7848414778709412	0.7122302055358887	0.41698163747787476
