loss	auc	accuracy	kappa
0.679706871509552	0.7067725658416748	0.6443541049957275	0.28576910495758057
