loss	auc	accuracy	kappa
0.5902273058891296	0.7630189061164856	0.7019080519676208	0.39670801162719727
