loss	auc	accuracy	kappa
0.5894367694854736	0.7727674245834351	0.7006568908691406	0.3919324278831482
