loss	auc	accuracy	kappa
0.7867506146430969	0.7590067982673645	0.7006568908691406	0.39646798372268677
