loss	auc	accuracy	kappa
0.5654047727584839	0.7678593993186951	0.7051509618759155	0.4097936153411865
