loss	auc	accuracy	kappa
0.8488492369651794	0.7149264812469482	0.6584298014640808	0.3071923851966858
