loss	auc	accuracy	kappa
0.6036375164985657	0.7572230696678162	0.6950265765190125	0.3801578879356384
