loss	auc	accuracy	kappa
0.6893917918205261	0.6760954856872559	0.6271504759788513	0.2455536127090454
