loss	auc	accuracy	kappa
0.5886131525039673	0.7787353992462158	0.7037848234176636	0.4037413001060486
