loss	auc	accuracy	kappa
0.9507753849029541	0.56218421459198	0.553644061088562	0.09255826473236084
