loss	auc	accuracy	kappa
0.6766489744186401	0.6603891253471375	0.6058804988861084	0.1936793327331543
