loss	auc	accuracy	kappa
0.69318687915802	0.7114795446395874	0.6521739363670349	0.2924259901046753
