loss	auc	accuracy	kappa
1.1291569471359253	0.5858796834945679	0.5664685368537903	0.12267088890075684
