loss	auc	accuracy	kappa
0.7391605377197266	0.5755511522293091	0.5614638924598694	0.11547017097473145
