loss	auc	accuracy	kappa	val_loss	val_auc	val_accuracy	val_kappa	lr
6.636249542236328	0.5281077027320862	0.5386469960212708	0.04454547166824341	3.378324508666992	0.5523272752761841	0.4381961524486542	0.033336639404296875	0.0010000000474974513
0.9985541105270386	0.5850616693496704	0.582116425037384	0.11715167760848999	0.8578329682350159	0.5365819334983826	0.5453681349754333	0.07261592149734497	0.0010000000474974513
0.6835403442382812	0.6285752654075623	0.6141750812530518	0.17058533430099487	0.6626271605491638	0.6087880730628967	0.6098886132240295	0.10152405500411987	0.0010000000474974513
0.6292930245399475	0.6758957505226135	0.6476601362228394	0.2322005033493042	0.6944770216941833	0.6101195216178894	0.5944036841392517	0.16271913051605225	0.0010000000474974513
0.6026091575622559	0.7085946798324585	0.6665421724319458	0.26946747303009033	0.6843380928039551	0.6043621301651001	0.6107035875320435	0.1302255392074585	0.0010000000474974513
0.5908339023590088	0.7301730513572693	0.6832507252693176	0.31363654136657715	0.7349525094032288	0.5712285041809082	0.6016028523445129	0.06567877531051636	0.0010000000474974513
0.5578022599220276	0.7631551623344421	0.7031175494194031	0.35783761739730835	0.7019450664520264	0.616178572177887	0.6195327639579773	0.15384256839752197	0.0010000000474974513
0.5407357215881348	0.786876916885376	0.7212185263633728	0.4023227095603943	0.7196386456489563	0.5909472107887268	0.6026895046234131	0.11771237850189209	0.0010000000474974513
0.44640055298805237	0.8678301572799683	0.7846906185150146	0.5395128726959229	0.831713080406189	0.6015249490737915	0.60255366563797	0.1581743359565735	0.00020000000949949026
