loss	auc	accuracy	kappa
0.6065255999565125	0.752020537853241	0.6834532618522644	0.3622131943702698
